{"cameraMode":{"drawMode":0,"name":"Shaded","section":"Shading Mode"},"sceneLighting":true,"audioPlay":false,"sceneViewState":{"showFog":true,"showMaterialUpdate":false,"showSkybox":true,"showFlares":true,"showImageEffects":true,"showParticleSystems":true,"showVisualEffectGraphs":true,"m_FxEnabled":true},"in2DMode":false,"pivot":{"x":0.2365286648273468,"y":1.244640588760376,"z":1.7724316120147706},"rotation":{"x":0.3339405059814453,"y":0.009897111915051937,"z":-0.003506503999233246,"w":0.9425365328788757},"size":2.2958641052246095,"orthographic":false}